ID|Title|Description|Publish date, time|Channel|Website link|Categories|Models|Duration|Embed code|Main thumbnail|Preview URL
10659657|SUKE-168cute cumshot climax||2026-06-04 08:25:03||https://videohclips.com/videos/10659657/suke-168cute-cumshot-climax/?source=683363820|Amateur,Asian,Japanese||1096|<iframe width="640" height="360" src="https://videohclips.com/embed/10659657/?source=683363820" frameborder="0" allowfullscreen webkitallowfullscreen mozallowfullscreen oallowfullscreen msallowfullscreen></iframe>|https://hctn.nv7s.com/contents/videos_sources/10659000/10659657/screenshots/1.jpg|https://hcpv2.nv7s.com/c4/videos/10659000/10659657/10659657_tr.mp4
10659655|SUKE-167cute cumshot climax||2026-06-04 08:18:12||https://videohclips.com/videos/10659655/suke-167cute-cumshot-climax/?source=683363820|Amateur,Asian,Japanese||1096|<iframe width="640" height="360" src="https://videohclips.com/embed/10659655/?source=683363820" frameborder="0" allowfullscreen webkitallowfullscreen mozallowfullscreen oallowfullscreen msallowfullscreen></iframe>|https://hctn.nv7s.com/contents/videos_sources/10659000/10659655/screenshots/1.jpg|https://hcpv2.nv7s.com/c4/videos/10659000/10659655/10659655_tr.mp4
10659653|SUKE-164cute cumshot climax||2026-06-04 08:16:51||https://videohclips.com/videos/10659653/suke-164cute-cumshot-climax/?source=683363820|Amateur,Asian,Japanese||1096|<iframe width="640" height="360" src="https://videohclips.com/embed/10659653/?source=683363820" frameborder="0" allowfullscreen webkitallowfullscreen mozallowfullscreen oallowfullscreen msallowfullscreen></iframe>|https://hctn.nv7s.com/contents/videos_sources/10659000/10659653/screenshots/1.jpg|https://hcpv2.nv7s.com/c4/videos/10659000/10659653/10659653_tr.mp4
10659651|SIMP-005cute cumshot climax||2026-06-04 08:15:22||https://videohclips.com/videos/10659651/simp-005cute-cumshot-climax/?source=683363820|Amateur,Asian,Japanese||1085|<iframe width="640" height="360" src="https://videohclips.com/embed/10659651/?source=683363820" frameborder="0" allowfullscreen webkitallowfullscreen mozallowfullscreen oallowfullscreen msallowfullscreen></iframe>|https://hctn.nv7s.com/contents/videos_sources/10659000/10659651/screenshots/1.jpg|https://hcpv2.nv7s.com/c4/videos/10659000/10659651/10659651_tr.mp4
10659649|SGA-126cute cumshot climax||2026-06-04 08:13:34||https://videohclips.com/videos/10659649/sga-126cute-cumshot-climax/?source=683363820|Amateur,Asian,Japanese||1085|<iframe width="640" height="360" src="https://videohclips.com/embed/10659649/?source=683363820" frameborder="0" allowfullscreen webkitallowfullscreen mozallowfullscreen oallowfullscreen msallowfullscreen></iframe>|https://hctn.nv7s.com/contents/videos_sources/10659000/10659649/screenshots/1.jpg|https://hcpv2.nv7s.com/c4/videos/10659000/10659649/10659649_tr.mp4
10659647|SGA-124cute cumshot climax||2026-06-04 08:12:19||https://videohclips.com/videos/10659647/sga-124cute-cumshot-climax/?source=683363820|Amateur,Asian,Japanese||1085|<iframe width="640" height="360" src="https://videohclips.com/embed/10659647/?source=683363820" frameborder="0" allowfullscreen webkitallowfullscreen mozallowfullscreen oallowfullscreen msallowfullscreen></iframe>|https://hctn.nv7s.com/contents/videos_sources/10659000/10659647/screenshots/1.jpg|https://hcpv2.nv7s.com/c4/videos/10659000/10659647/10659647_tr.mp4
10659645|SGA-123cute cumshot climax||2026-06-04 08:11:07||https://videohclips.com/videos/10659645/sga-123cute-cumshot-climax/?source=683363820|Amateur,Asian,Japanese||1085|<iframe width="640" height="360" src="https://videohclips.com/embed/10659645/?source=683363820" frameborder="0" allowfullscreen webkitallowfullscreen mozallowfullscreen oallowfullscreen msallowfullscreen></iframe>|https://hctn.nv7s.com/contents/videos_sources/10659000/10659645/screenshots/1.jpg|https://hcpv2.nv7s.com/c4/videos/10659000/10659645/10659645_tr.mp4
10659643|MMNM-007cute cumshot climax||2026-06-04 08:09:39||https://videohclips.com/videos/10659643/mmnm-007cute-cumshot-climax/?source=683363820|Amateur,Asian,Japanese||1106|<iframe width="640" height="360" src="https://videohclips.com/embed/10659643/?source=683363820" frameborder="0" allowfullscreen webkitallowfullscreen mozallowfullscreen oallowfullscreen msallowfullscreen></iframe>|https://hctn.nv7s.com/contents/videos_sources/10659000/10659643/screenshots/1.jpg|https://hcpv2.nv7s.com/c4/videos/10659000/10659643/10659643_tr.mp4
10659641|MFCW-021cute cumshot climax||2026-06-04 08:08:02||https://videohclips.com/videos/10659641/mfcw-021cute-cumshot-climax/?source=683363820|Amateur,Asian,Japanese||1106|<iframe width="640" height="360" src="https://videohclips.com/embed/10659641/?source=683363820" frameborder="0" allowfullscreen webkitallowfullscreen mozallowfullscreen oallowfullscreen msallowfullscreen></iframe>|https://hctn.nv7s.com/contents/videos_sources/10659000/10659641/screenshots/1.jpg|https://hcpv2.nv7s.com/c4/videos/10659000/10659641/10659641_tr.mp4
10659639|MFCS-110cute cumshot climax||2026-06-04 08:06:47||https://videohclips.com/videos/10659639/mfcs-110cute-cumshot-climax/?source=683363820|Amateur,Asian,Japanese||1106|<iframe width="640" height="360" src="https://videohclips.com/embed/10659639/?source=683363820" frameborder="0" allowfullscreen webkitallowfullscreen mozallowfullscreen oallowfullscreen msallowfullscreen></iframe>|https://hctn.nv7s.com/contents/videos_sources/10659000/10659639/screenshots/1.jpg|https://hcpv2.nv7s.com/c4/videos/10659000/10659639/10659639_tr.mp4
10659637|MFCS-107cute cumshot climax||2026-06-04 08:00:31||https://videohclips.com/videos/10659637/mfcs-107cute-cumshot-climax/?source=683363820|Amateur,Asian,Japanese||1106|<iframe width="640" height="360" src="https://videohclips.com/embed/10659637/?source=683363820" frameborder="0" allowfullscreen webkitallowfullscreen mozallowfullscreen oallowfullscreen msallowfullscreen></iframe>|https://hctn.nv7s.com/contents/videos_sources/10659000/10659637/screenshots/1.jpg|https://hcpv2.nv7s.com/c4/videos/10659000/10659637/10659637_tr.mp4
10659635|MFC-301cute cumshot climax||2026-06-04 07:59:01||https://videohclips.com/videos/10659635/mfc-301cute-cumshot-climax/?source=683363820|Amateur,Asian,Japanese||1095|<iframe width="640" height="360" src="https://videohclips.com/embed/10659635/?source=683363820" frameborder="0" allowfullscreen webkitallowfullscreen mozallowfullscreen oallowfullscreen msallowfullscreen></iframe>|https://hctn.nv7s.com/contents/videos_sources/10659000/10659635/screenshots/1.jpg|https://hcpv2.nv7s.com/c4/videos/10659000/10659635/10659635_tr.mp4
10659633|MFC-288cute cumshot climax||2026-06-04 07:57:03||https://videohclips.com/videos/10659633/mfc-288cute-cumshot-climax/?source=683363820|Amateur,Asian,Japanese||1106|<iframe width="640" height="360" src="https://videohclips.com/embed/10659633/?source=683363820" frameborder="0" allowfullscreen webkitallowfullscreen mozallowfullscreen oallowfullscreen msallowfullscreen></iframe>|https://hctn.nv7s.com/contents/videos_sources/10659000/10659633/screenshots/1.jpg|https://hcpv2.nv7s.com/c4/videos/10659000/10659633/10659633_tr.mp4
10659629|MFC-287cute cumshot climax||2026-06-04 07:48:18||https://videohclips.com/videos/10659629/mfc-287cute-cumshot-climax/?source=683363820|Amateur,Asian,Japanese||1106|<iframe width="640" height="360" src="https://videohclips.com/embed/10659629/?source=683363820" frameborder="0" allowfullscreen webkitallowfullscreen mozallowfullscreen oallowfullscreen msallowfullscreen></iframe>|https://hctn.nv7s.com/contents/videos_sources/10659000/10659629/screenshots/1.jpg|https://hcpv2.nv7s.com/c4/videos/10659000/10659629/10659629_tr.mp4
10659627|MFC-286cute cumshot climax||2026-06-04 07:46:58||https://videohclips.com/videos/10659627/mfc-286cute-cumshot-climax/?source=683363820|Amateur,Asian,Japanese||1106|<iframe width="640" height="360" src="https://videohclips.com/embed/10659627/?source=683363820" frameborder="0" allowfullscreen webkitallowfullscreen mozallowfullscreen oallowfullscreen msallowfullscreen></iframe>|https://hctn.nv7s.com/contents/videos_sources/10659000/10659627/screenshots/1.jpg|https://hcpv2.nv7s.com/c4/videos/10659000/10659627/10659627_tr.mp4
10659625|MFC-285cute cumshot climax||2026-06-04 07:45:47||https://videohclips.com/videos/10659625/mfc-285cute-cumshot-climax/?source=683363820|Amateur,Asian,Japanese||1106|<iframe width="640" height="360" src="https://videohclips.com/embed/10659625/?source=683363820" frameborder="0" allowfullscreen webkitallowfullscreen mozallowfullscreen oallowfullscreen msallowfullscreen></iframe>|https://hctn.nv7s.com/contents/videos_sources/10659000/10659625/screenshots/1.jpg|https://hcpv2.nv7s.com/c4/videos/10659000/10659625/10659625_tr.mp4
10659623|MAAN-1103cute cumshot climax||2026-06-04 07:44:28||https://videohclips.com/videos/10659623/maan-1103cute-cumshot-climax/?source=683363820|Amateur,Asian,Japanese||1092|<iframe width="640" height="360" src="https://videohclips.com/embed/10659623/?source=683363820" frameborder="0" allowfullscreen webkitallowfullscreen mozallowfullscreen oallowfullscreen msallowfullscreen></iframe>|https://hctn.nv7s.com/contents/videos_sources/10659000/10659623/screenshots/1.jpg|https://hcpv2.nv7s.com/c4/videos/10659000/10659623/10659623_tr.mp4
10659621|MAAN-979cute cumshot climax||2026-06-04 07:43:08||https://videohclips.com/videos/10659621/maan-979cute-cumshot-climax/?source=683363820|Amateur,Asian,Japanese||1089|<iframe width="640" height="360" src="https://videohclips.com/embed/10659621/?source=683363820" frameborder="0" allowfullscreen webkitallowfullscreen mozallowfullscreen oallowfullscreen msallowfullscreen></iframe>|https://hctn.nv7s.com/contents/videos_sources/10659000/10659621/screenshots/1.jpg|https://hcpv2.nv7s.com/c4/videos/10659000/10659621/10659621_tr.mp4
10659619|MAAN-978cute cumshot climax||2026-06-04 07:41:57||https://videohclips.com/videos/10659619/maan-978cute-cumshot-climax/?source=683363820|Amateur,Asian,Japanese||1089|<iframe width="640" height="360" src="https://videohclips.com/embed/10659619/?source=683363820" frameborder="0" allowfullscreen webkitallowfullscreen mozallowfullscreen oallowfullscreen msallowfullscreen></iframe>|https://hctn.nv7s.com/contents/videos_sources/10659000/10659619/screenshots/1.jpg|https://hcpv2.nv7s.com/c4/videos/10659000/10659619/10659619_tr.mp4
10659617|MAAN-977cute cumshot climax||2026-06-04 07:40:46||https://videohclips.com/videos/10659617/maan-977cute-cumshot-climax/?source=683363820|Amateur,Asian,Japanese||1089|<iframe width="640" height="360" src="https://videohclips.com/embed/10659617/?source=683363820" frameborder="0" allowfullscreen webkitallowfullscreen mozallowfullscreen oallowfullscreen msallowfullscreen></iframe>|https://hctn.nv7s.com/contents/videos_sources/10659000/10659617/screenshots/1.jpg|https://hcpv2.nv7s.com/c4/videos/10659000/10659617/10659617_tr.mp4
10659615|MAAN-976cute cumshot climax||2026-06-04 07:39:20||https://videohclips.com/videos/10659615/maan-976cute-cumshot-climax/?source=683363820|Amateur,Asian,Japanese||1089|<iframe width="640" height="360" src="https://videohclips.com/embed/10659615/?source=683363820" frameborder="0" allowfullscreen webkitallowfullscreen mozallowfullscreen oallowfullscreen msallowfullscreen></iframe>|https://hctn.nv7s.com/contents/videos_sources/10659000/10659615/screenshots/1.jpg|https://hcpv2.nv7s.com/c4/videos/10659000/10659615/10659615_tr.mp4
10659613|MAAN-975cute cumshot climax||2026-06-04 07:38:07||https://videohclips.com/videos/10659613/maan-975cute-cumshot-climax/?source=683363820|Amateur,Asian,Japanese||1089|<iframe width="640" height="360" src="https://videohclips.com/embed/10659613/?source=683363820" frameborder="0" allowfullscreen webkitallowfullscreen mozallowfullscreen oallowfullscreen msallowfullscreen></iframe>|https://hctn.nv7s.com/contents/videos_sources/10659000/10659613/screenshots/1.jpg|https://hcpv2.nv7s.com/c4/videos/10659000/10659613/10659613_tr.mp4
10659611|MAAN-974cute cumshot climax||2026-06-04 07:37:00||https://videohclips.com/videos/10659611/maan-974cute-cumshot-climax/?source=683363820|Amateur,Asian,Japanese||1089|<iframe width="640" height="360" src="https://videohclips.com/embed/10659611/?source=683363820" frameborder="0" allowfullscreen webkitallowfullscreen mozallowfullscreen oallowfullscreen msallowfullscreen></iframe>|https://hctn.nv7s.com/contents/videos_sources/10659000/10659611/screenshots/1.jpg|https://hcpv2.nv7s.com/c4/videos/10659000/10659611/10659611_tr.mp4
10659609|MAAN-963cute cumshot climax||2026-06-04 07:33:37||https://videohclips.com/videos/10659609/maan-963cute-cumshot-climax/?source=683363820|Amateur,Asian,Japanese||1106|<iframe width="640" height="360" src="https://videohclips.com/embed/10659609/?source=683363820" frameborder="0" allowfullscreen webkitallowfullscreen mozallowfullscreen oallowfullscreen msallowfullscreen></iframe>|https://hctn.nv7s.com/contents/videos_sources/10659000/10659609/screenshots/1.jpg|https://hcpv2.nv7s.com/c4/videos/10659000/10659609/10659609_tr.mp4
10659607|MAAN-962cute cumshot climax||2026-06-04 07:32:01||https://videohclips.com/videos/10659607/maan-962cute-cumshot-climax/?source=683363820|Amateur,Asian,Japanese||1106|<iframe width="640" height="360" src="https://videohclips.com/embed/10659607/?source=683363820" frameborder="0" allowfullscreen webkitallowfullscreen mozallowfullscreen oallowfullscreen msallowfullscreen></iframe>|https://hctn.nv7s.com/contents/videos_sources/10659000/10659607/screenshots/1.jpg|https://hcpv2.nv7s.com/c4/videos/10659000/10659607/10659607_tr.mp4
10659605|MAAN-959cute cumshot climax||2026-06-04 07:30:56||https://videohclips.com/videos/10659605/maan-959cute-cumshot-climax/?source=683363820|Amateur,Asian,Japanese||1106|<iframe width="640" height="360" src="https://videohclips.com/embed/10659605/?source=683363820" frameborder="0" allowfullscreen webkitallowfullscreen mozallowfullscreen oallowfullscreen msallowfullscreen></iframe>|https://hctn.nv7s.com/contents/videos_sources/10659000/10659605/screenshots/1.jpg|https://hcpv2.nv7s.com/c4/videos/10659000/10659605/10659605_tr.mp4
10659603|MAAN-958cute cumshot climax||2026-06-04 07:29:48||https://videohclips.com/videos/10659603/maan-958cute-cumshot-climax/?source=683363820|Amateur,Asian,Japanese||1106|<iframe width="640" height="360" src="https://videohclips.com/embed/10659603/?source=683363820" frameborder="0" allowfullscreen webkitallowfullscreen mozallowfullscreen oallowfullscreen msallowfullscreen></iframe>|https://hctn.nv7s.com/contents/videos_sources/10659000/10659603/screenshots/1.jpg|https://hcpv2.nv7s.com/c4/videos/10659000/10659603/10659603_tr.mp4
10659601|MAAN-957cute cumshot climax||2026-06-04 07:28:41||https://videohclips.com/videos/10659601/maan-957cute-cumshot-climax/?source=683363820|Amateur,Asian,Japanese||1076|<iframe width="640" height="360" src="https://videohclips.com/embed/10659601/?source=683363820" frameborder="0" allowfullscreen webkitallowfullscreen mozallowfullscreen oallowfullscreen msallowfullscreen></iframe>|https://hctn.nv7s.com/contents/videos_sources/10659000/10659601/screenshots/1.jpg|https://hcpv2.nv7s.com/c4/videos/10659000/10659601/10659601_tr.mp4
10659597|MAAN-956cute cumshot climax||2026-06-04 07:25:38||https://videohclips.com/videos/10659597/maan-956cute-cumshot-climax/?source=683363820|Amateur,Asian,Japanese||1091|<iframe width="640" height="360" src="https://videohclips.com/embed/10659597/?source=683363820" frameborder="0" allowfullscreen webkitallowfullscreen mozallowfullscreen oallowfullscreen msallowfullscreen></iframe>|https://hctn.nv7s.com/contents/videos_sources/10659000/10659597/screenshots/1.jpg|https://hcpv2.nv7s.com/c4/videos/10659000/10659597/10659597_tr.mp4
10659595|MAAN-955cute cumshot climax||2026-06-04 07:24:26||https://videohclips.com/videos/10659595/maan-955cute-cumshot-climax/?source=683363820|Amateur,Asian,Japanese||1091|<iframe width="640" height="360" src="https://videohclips.com/embed/10659595/?source=683363820" frameborder="0" allowfullscreen webkitallowfullscreen mozallowfullscreen oallowfullscreen msallowfullscreen></iframe>|https://hctn.nv7s.com/contents/videos_sources/10659000/10659595/screenshots/1.jpg|https://hcpv2.nv7s.com/c4/videos/10659000/10659595/10659595_tr.mp4
10659593|MAAN-899cute cumshot climax||2026-06-04 07:23:27||https://videohclips.com/videos/10659593/maan-899cute-cumshot-climax/?source=683363820|Amateur,Asian,Japanese||1096|<iframe width="640" height="360" src="https://videohclips.com/embed/10659593/?source=683363820" frameborder="0" allowfullscreen webkitallowfullscreen mozallowfullscreen oallowfullscreen msallowfullscreen></iframe>|https://hctn.nv7s.com/contents/videos_sources/10659000/10659593/screenshots/1.jpg|https://hcpv2.nv7s.com/c4/videos/10659000/10659593/10659593_tr.mp4
10659591|MAAN-894cute cumshot climax||2026-06-04 07:22:27||https://videohclips.com/videos/10659591/maan-894cute-cumshot-climax/?source=683363820|Amateur,Asian,Japanese||1096|<iframe width="640" height="360" src="https://videohclips.com/embed/10659591/?source=683363820" frameborder="0" allowfullscreen webkitallowfullscreen mozallowfullscreen oallowfullscreen msallowfullscreen></iframe>|https://hctn.nv7s.com/contents/videos_sources/10659000/10659591/screenshots/1.jpg|https://hcpv2.nv7s.com/c4/videos/10659000/10659591/10659591_tr.mp4
10659589|MAAN-892cute cumshot climax||2026-06-04 07:21:23||https://videohclips.com/videos/10659589/maan-892cute-cumshot-climax/?source=683363820|Amateur,Asian,Japanese||1096|<iframe width="640" height="360" src="https://videohclips.com/embed/10659589/?source=683363820" frameborder="0" allowfullscreen webkitallowfullscreen mozallowfullscreen oallowfullscreen msallowfullscreen></iframe>|https://hctn.nv7s.com/contents/videos_sources/10659000/10659589/screenshots/1.jpg|https://hcpv2.nv7s.com/c4/videos/10659000/10659589/10659589_tr.mp4
10659587|MAAN-889cute cumshot climax||2026-06-04 07:20:17||https://videohclips.com/videos/10659587/maan-889cute-cumshot-climax/?source=683363820|Amateur,Asian,Japanese||1096|<iframe width="640" height="360" src="https://videohclips.com/embed/10659587/?source=683363820" frameborder="0" allowfullscreen webkitallowfullscreen mozallowfullscreen oallowfullscreen msallowfullscreen></iframe>|https://hctn.nv7s.com/contents/videos_sources/10659000/10659587/screenshots/1.jpg|https://hcpv2.nv7s.com/c4/videos/10659000/10659587/10659587_tr.mp4
10659585|MAAN-888cute cumshot climax||2026-06-04 07:19:17||https://videohclips.com/videos/10659585/maan-888cute-cumshot-climax/?source=683363820|Amateur,Asian,Japanese||1096|<iframe width="640" height="360" src="https://videohclips.com/embed/10659585/?source=683363820" frameborder="0" allowfullscreen webkitallowfullscreen mozallowfullscreen oallowfullscreen msallowfullscreen></iframe>|https://hctn.nv7s.com/contents/videos_sources/10659000/10659585/screenshots/1.jpg|https://hcpv2.nv7s.com/c4/videos/10659000/10659585/10659585_tr.mp4
10659583|KIT-005cute cumshot climax||2026-06-04 07:18:08||https://videohclips.com/videos/10659583/kit-005cute-cumshot-climax/?source=683363820|Amateur,Asian,Japanese||1085|<iframe width="640" height="360" src="https://videohclips.com/embed/10659583/?source=683363820" frameborder="0" allowfullscreen webkitallowfullscreen mozallowfullscreen oallowfullscreen msallowfullscreen></iframe>|https://hctn.nv7s.com/contents/videos_sources/10659000/10659583/screenshots/1.jpg|https://hcpv2.nv7s.com/c4/videos/10659000/10659583/10659583_tr.mp4
10659581|KIT-004cute cumshot climax||2026-06-04 07:16:53||https://videohclips.com/videos/10659581/kit-004cute-cumshot-climax/?source=683363820|Amateur,Asian,Japanese||1085|<iframe width="640" height="360" src="https://videohclips.com/embed/10659581/?source=683363820" frameborder="0" allowfullscreen webkitallowfullscreen mozallowfullscreen oallowfullscreen msallowfullscreen></iframe>|https://hctn.nv7s.com/contents/videos_sources/10659000/10659581/screenshots/1.jpg|https://hcpv2.nv7s.com/c4/videos/10659000/10659581/10659581_tr.mp4
10659579|KIT-003cute cumshot climax||2026-06-04 07:15:51||https://videohclips.com/videos/10659579/kit-003cute-cumshot-climax/?source=683363820|Amateur,Asian,Japanese||1085|<iframe width="640" height="360" src="https://videohclips.com/embed/10659579/?source=683363820" frameborder="0" allowfullscreen webkitallowfullscreen mozallowfullscreen oallowfullscreen msallowfullscreen></iframe>|https://hctn.nv7s.com/contents/videos_sources/10659000/10659579/screenshots/1.jpg|https://hcpv2.nv7s.com/c4/videos/10659000/10659579/10659579_tr.mp4
10659577|HMRK-008cute cumshot climax||2026-06-04 07:14:51||https://videohclips.com/videos/10659577/hmrk-008cute-cumshot-climax/?source=683363820|Amateur,Asian,Japanese||1089|<iframe width="640" height="360" src="https://videohclips.com/embed/10659577/?source=683363820" frameborder="0" allowfullscreen webkitallowfullscreen mozallowfullscreen oallowfullscreen msallowfullscreen></iframe>|https://hctn.nv7s.com/contents/videos_sources/10659000/10659577/screenshots/1.jpg|https://hcpv2.nv7s.com/c4/videos/10659000/10659577/10659577_tr.mp4
10659575|HMRK-007cute cumshot climax||2026-06-04 07:13:55||https://videohclips.com/videos/10659575/hmrk-007cute-cumshot-climax/?source=683363820|Amateur,Asian,Japanese||1089|<iframe width="640" height="360" src="https://videohclips.com/embed/10659575/?source=683363820" frameborder="0" allowfullscreen webkitallowfullscreen mozallowfullscreen oallowfullscreen msallowfullscreen></iframe>|https://hctn.nv7s.com/contents/videos_sources/10659000/10659575/screenshots/1.jpg|https://hcpv2.nv7s.com/c4/videos/10659000/10659575/10659575_tr.mp4
10659573|HMRK-005cute cumshot climax||2026-06-04 07:12:58||https://videohclips.com/videos/10659573/hmrk-005cute-cumshot-climax/?source=683363820|Amateur,Asian,Japanese||1089|<iframe width="640" height="360" src="https://videohclips.com/embed/10659573/?source=683363820" frameborder="0" allowfullscreen webkitallowfullscreen mozallowfullscreen oallowfullscreen msallowfullscreen></iframe>|https://hctn.nv7s.com/contents/videos_sources/10659000/10659573/screenshots/1.jpg|https://hcpv2.nv7s.com/c4/videos/10659000/10659573/10659573_tr.mp4
10659571|HMRK-003cute cumshot climax||2026-06-04 07:12:00||https://videohclips.com/videos/10659571/hmrk-003cute-cumshot-climax/?source=683363820|Amateur,Asian,Japanese||1096|<iframe width="640" height="360" src="https://videohclips.com/embed/10659571/?source=683363820" frameborder="0" allowfullscreen webkitallowfullscreen mozallowfullscreen oallowfullscreen msallowfullscreen></iframe>|https://hctn.nv7s.com/contents/videos_sources/10659000/10659571/screenshots/1.jpg|https://hcpv2.nv7s.com/c4/videos/10659000/10659571/10659571_tr.mp4
10659569|GNI-004cute cumshot climax||2026-06-04 07:10:52||https://videohclips.com/videos/10659569/gni-004cute-cumshot-climax/?source=683363820|Amateur,Asian,Japanese||1085|<iframe width="640" height="360" src="https://videohclips.com/embed/10659569/?source=683363820" frameborder="0" allowfullscreen webkitallowfullscreen mozallowfullscreen oallowfullscreen msallowfullscreen></iframe>|https://hctn.nv7s.com/contents/videos_sources/10659000/10659569/screenshots/1.jpg|https://hcpv2.nv7s.com/c4/videos/10659000/10659569/10659569_tr.mp4
10659567|ESK-305cute cumshot climax||2026-06-04 07:09:38||https://videohclips.com/videos/10659567/esk-305cute-cumshot-climax/?source=683363820|Amateur,Asian,Japanese||1085|<iframe width="640" height="360" src="https://videohclips.com/embed/10659567/?source=683363820" frameborder="0" allowfullscreen webkitallowfullscreen mozallowfullscreen oallowfullscreen msallowfullscreen></iframe>|https://hctn.nv7s.com/contents/videos_sources/10659000/10659567/screenshots/1.jpg|https://hcpv2.nv7s.com/c4/videos/10659000/10659567/10659567_tr.mp4
10659565|DOCS-024cute cumshot climax||2026-06-04 07:08:23||https://videohclips.com/videos/10659565/docs-024cute-cumshot-climax/?source=683363820|Amateur,Asian,Japanese||1089|<iframe width="640" height="360" src="https://videohclips.com/embed/10659565/?source=683363820" frameborder="0" allowfullscreen webkitallowfullscreen mozallowfullscreen oallowfullscreen msallowfullscreen></iframe>|https://hctn.nv7s.com/contents/videos_sources/10659000/10659565/screenshots/1.jpg|https://hcpv2.nv7s.com/c4/videos/10659000/10659565/10659565_tr.mp4
10659563|DOCS-023cute cumshot climax||2026-06-04 07:06:34||https://videohclips.com/videos/10659563/docs-023cute-cumshot-climax/?source=683363820|Amateur,Asian,Japanese||1089|<iframe width="640" height="360" src="https://videohclips.com/embed/10659563/?source=683363820" frameborder="0" allowfullscreen webkitallowfullscreen mozallowfullscreen oallowfullscreen msallowfullscreen></iframe>|https://hctn.nv7s.com/contents/videos_sources/10659000/10659563/screenshots/1.jpg|https://hcpv2.nv7s.com/c4/videos/10659000/10659563/10659563_tr.mp4
10659561|DOCS-022cute cumshot climax||2026-06-04 07:05:37||https://videohclips.com/videos/10659561/docs-022cute-cumshot-climax/?source=683363820|Amateur,Asian,Japanese||1089|<iframe width="640" height="360" src="https://videohclips.com/embed/10659561/?source=683363820" frameborder="0" allowfullscreen webkitallowfullscreen mozallowfullscreen oallowfullscreen msallowfullscreen></iframe>|https://hctn.nv7s.com/contents/videos_sources/10659000/10659561/screenshots/1.jpg|https://hcpv2.nv7s.com/c4/videos/10659000/10659561/10659561_tr.mp4
10659559|DOCS-021cute cumshot climax||2026-06-04 07:04:32||https://videohclips.com/videos/10659559/docs-021cute-cumshot-climax/?source=683363820|Amateur,Asian,Japanese||1089|<iframe width="640" height="360" src="https://videohclips.com/embed/10659559/?source=683363820" frameborder="0" allowfullscreen webkitallowfullscreen mozallowfullscreen oallowfullscreen msallowfullscreen></iframe>|https://hctn.nv7s.com/contents/videos_sources/10659000/10659559/screenshots/1.jpg|https://hcpv2.nv7s.com/c4/videos/10659000/10659559/10659559_tr.mp4
10659555|DOCS-018cute cumshot climax||2026-06-04 07:02:17||https://videohclips.com/videos/10659555/docs-018cute-cumshot-climax/?source=683363820|Amateur,Asian,Japanese||1089|<iframe width="640" height="360" src="https://videohclips.com/embed/10659555/?source=683363820" frameborder="0" allowfullscreen webkitallowfullscreen mozallowfullscreen oallowfullscreen msallowfullscreen></iframe>|https://hctn.nv7s.com/contents/videos_sources/10659000/10659555/screenshots/1.jpg|https://hcpv2.nv7s.com/c4/videos/10659000/10659555/10659555_tr.mp4
10659553|DOCS-013cute cumshot climax||2026-06-04 07:01:00||https://videohclips.com/videos/10659553/docs-013cute-cumshot-climax/?source=683363820|Amateur,Asian,Japanese||1096|<iframe width="640" height="360" src="https://videohclips.com/embed/10659553/?source=683363820" frameborder="0" allowfullscreen webkitallowfullscreen mozallowfullscreen oallowfullscreen msallowfullscreen></iframe>|https://hctn.nv7s.com/contents/videos_sources/10659000/10659553/screenshots/1.jpg|https://hcpv2.nv7s.com/c4/videos/10659000/10659553/10659553_tr.mp4
10659551|DOCS-012cute cumshot climax||2026-06-04 06:59:52||https://videohclips.com/videos/10659551/docs-012cute-cumshot-climax/?source=683363820|Amateur,Asian,Japanese||1096|<iframe width="640" height="360" src="https://videohclips.com/embed/10659551/?source=683363820" frameborder="0" allowfullscreen webkitallowfullscreen mozallowfullscreen oallowfullscreen msallowfullscreen></iframe>|https://hctn.nv7s.com/contents/videos_sources/10659000/10659551/screenshots/1.jpg|https://hcpv2.nv7s.com/c4/videos/10659000/10659551/10659551_tr.mp4
10659549|DOCS-011cute cumshot climax||2026-06-04 06:58:55||https://videohclips.com/videos/10659549/docs-011cute-cumshot-climax/?source=683363820|Amateur,Asian,Japanese||1096|<iframe width="640" height="360" src="https://videohclips.com/embed/10659549/?source=683363820" frameborder="0" allowfullscreen webkitallowfullscreen mozallowfullscreen oallowfullscreen msallowfullscreen></iframe>|https://hctn.nv7s.com/contents/videos_sources/10659000/10659549/screenshots/1.jpg|https://hcpv2.nv7s.com/c4/videos/10659000/10659549/10659549_tr.mp4
10659547|DOCS-006cute cumshot climax||2026-06-04 06:57:55||https://videohclips.com/videos/10659547/docs-006cute-cumshot-climax/?source=683363820|Amateur,Asian,Japanese||1096|<iframe width="640" height="360" src="https://videohclips.com/embed/10659547/?source=683363820" frameborder="0" allowfullscreen webkitallowfullscreen mozallowfullscreen oallowfullscreen msallowfullscreen></iframe>|https://hctn.nv7s.com/contents/videos_sources/10659000/10659547/screenshots/1.jpg|https://hcpv2.nv7s.com/c4/videos/10659000/10659547/10659547_tr.mp4
10659541|DIC-088cute cumshot climax||2026-06-04 06:55:43||https://videohclips.com/videos/10659541/dic-088cute-cumshot-climax/?source=683363820|Amateur,Asian,Japanese||1085|<iframe width="640" height="360" src="https://videohclips.com/embed/10659541/?source=683363820" frameborder="0" allowfullscreen webkitallowfullscreen mozallowfullscreen oallowfullscreen msallowfullscreen></iframe>|https://hctn.nv7s.com/contents/videos_sources/10659000/10659541/screenshots/1.jpg|https://hcpv2.nv7s.com/c4/videos/10659000/10659541/10659541_tr.mp4
10659539|DIC-067cute cumshot climax||2026-06-04 06:54:39||https://videohclips.com/videos/10659539/dic-067cute-cumshot-climax/?source=683363820|Amateur,Asian,Japanese||1085|<iframe width="640" height="360" src="https://videohclips.com/embed/10659539/?source=683363820" frameborder="0" allowfullscreen webkitallowfullscreen mozallowfullscreen oallowfullscreen msallowfullscreen></iframe>|https://hctn.nv7s.com/contents/videos_sources/10659000/10659539/screenshots/1.jpg|https://hcpv2.nv7s.com/c4/videos/10659000/10659539/10659539_tr.mp4
10659537|DIC-058cute cumshot climax||2026-06-04 06:53:32||https://videohclips.com/videos/10659537/dic-058cute-cumshot-climax/?source=683363820|Amateur,Asian,Japanese||1085|<iframe width="640" height="360" src="https://videohclips.com/embed/10659537/?source=683363820" frameborder="0" allowfullscreen webkitallowfullscreen mozallowfullscreen oallowfullscreen msallowfullscreen></iframe>|https://hctn.nv7s.com/contents/videos_sources/10659000/10659537/screenshots/1.jpg|https://hcpv2.nv7s.com/c4/videos/10659000/10659537/10659537_tr.mp4
10659535|DDHP-056cute cumshot climax||2026-06-04 05:56:11||https://videohclips.com/videos/10659535/ddhp-056cute-cumshot-climax/?source=683363820|Amateur,Asian,Japanese||1089|<iframe width="640" height="360" src="https://videohclips.com/embed/10659535/?source=683363820" frameborder="0" allowfullscreen webkitallowfullscreen mozallowfullscreen oallowfullscreen msallowfullscreen></iframe>|https://hctn.nv7s.com/contents/videos_sources/10659000/10659535/screenshots/1.jpg|https://hcpv2.nv7s.com/c4/videos/10659000/10659535/10659535_tr.mp4
10659529|DDHP-055cute cumshot climax||2026-06-04 05:55:02||https://videohclips.com/videos/10659529/ddhp-055cute-cumshot-climax/?source=683363820|Amateur,Asian,Japanese||1089|<iframe width="640" height="360" src="https://videohclips.com/embed/10659529/?source=683363820" frameborder="0" allowfullscreen webkitallowfullscreen mozallowfullscreen oallowfullscreen msallowfullscreen></iframe>|https://hctn.nv7s.com/contents/videos_sources/10659000/10659529/screenshots/1.jpg|https://hcpv2.nv7s.com/c4/videos/10659000/10659529/10659529_tr.mp4
10659527|DDHP-054cute cumshot climax||2026-06-04 05:53:42||https://videohclips.com/videos/10659527/ddhp-054cute-cumshot-climax/?source=683363820|Amateur,Asian,Japanese||1089|<iframe width="640" height="360" src="https://videohclips.com/embed/10659527/?source=683363820" frameborder="0" allowfullscreen webkitallowfullscreen mozallowfullscreen oallowfullscreen msallowfullscreen></iframe>|https://hctn.nv7s.com/contents/videos_sources/10659000/10659527/screenshots/1.jpg|https://hcpv2.nv7s.com/c4/videos/10659000/10659527/10659527_tr.mp4
10659525|DDHP-052cute cumshot climax||2026-06-04 05:52:42||https://videohclips.com/videos/10659525/ddhp-052cute-cumshot-climax/?source=683363820|Amateur,Asian,Japanese||1096|<iframe width="640" height="360" src="https://videohclips.com/embed/10659525/?source=683363820" frameborder="0" allowfullscreen webkitallowfullscreen mozallowfullscreen oallowfullscreen msallowfullscreen></iframe>|https://hctn.nv7s.com/contents/videos_sources/10659000/10659525/screenshots/1.jpg|https://hcpv2.nv7s.com/c4/videos/10659000/10659525/10659525_tr.mp4
10659523|DDHP-051cute cumshot climax||2026-06-04 05:51:34||https://videohclips.com/videos/10659523/ddhp-051cute-cumshot-climax/?source=683363820|Amateur,Asian,Japanese||1096|<iframe width="640" height="360" src="https://videohclips.com/embed/10659523/?source=683363820" frameborder="0" allowfullscreen webkitallowfullscreen mozallowfullscreen oallowfullscreen msallowfullscreen></iframe>|https://hctn.nv7s.com/contents/videos_sources/10659000/10659523/screenshots/1.jpg|https://hcpv2.nv7s.com/c4/videos/10659000/10659523/10659523_tr.mp4
10659521|DDH-263cute cumshot climax||2026-06-04 05:50:29||https://videohclips.com/videos/10659521/ddh-263cute-cumshot-climax/?source=683363820|Amateur,Asian,Japanese||1089|<iframe width="640" height="360" src="https://videohclips.com/embed/10659521/?source=683363820" frameborder="0" allowfullscreen webkitallowfullscreen mozallowfullscreen oallowfullscreen msallowfullscreen></iframe>|https://hctn.nv7s.com/contents/videos_sources/10659000/10659521/screenshots/1.jpg|https://hcpv2.nv7s.com/c4/videos/10659000/10659521/10659521_tr.mp4
10659519|DDH-262cute cumshot climax||2026-06-04 05:49:19||https://videohclips.com/videos/10659519/ddh-262cute-cumshot-climax/?source=683363820|Amateur,Asian,Japanese||1089|<iframe width="640" height="360" src="https://videohclips.com/embed/10659519/?source=683363820" frameborder="0" allowfullscreen webkitallowfullscreen mozallowfullscreen oallowfullscreen msallowfullscreen></iframe>|https://hctn.nv7s.com/contents/videos_sources/10659000/10659519/screenshots/1.jpg|https://hcpv2.nv7s.com/c4/videos/10659000/10659519/10659519_tr.mp4
10659517|DDH-261cute cumshot climax||2026-06-04 05:48:19||https://videohclips.com/videos/10659517/ddh-261cute-cumshot-climax/?source=683363820|Amateur,Asian,Japanese||1089|<iframe width="640" height="360" src="https://videohclips.com/embed/10659517/?source=683363820" frameborder="0" allowfullscreen webkitallowfullscreen mozallowfullscreen oallowfullscreen msallowfullscreen></iframe>|https://hctn.nv7s.com/contents/videos_sources/10659000/10659517/screenshots/1.jpg|https://hcpv2.nv7s.com/c4/videos/10659000/10659517/10659517_tr.mp4
10659515|DDH-260cute cumshot climax||2026-06-04 05:47:19||https://videohclips.com/videos/10659515/ddh-260cute-cumshot-climax/?source=683363820|Amateur,Asian,Japanese||1089|<iframe width="640" height="360" src="https://videohclips.com/embed/10659515/?source=683363820" frameborder="0" allowfullscreen webkitallowfullscreen mozallowfullscreen oallowfullscreen msallowfullscreen></iframe>|https://hctn.nv7s.com/contents/videos_sources/10659000/10659515/screenshots/1.jpg|https://hcpv2.nv7s.com/c4/videos/10659000/10659515/10659515_tr.mp4
10659513|DDH-259cute cumshot climax||2026-06-04 05:46:16||https://videohclips.com/videos/10659513/ddh-259cute-cumshot-climax/?source=683363820|Amateur,Asian,Japanese||1089|<iframe width="640" height="360" src="https://videohclips.com/embed/10659513/?source=683363820" frameborder="0" allowfullscreen webkitallowfullscreen mozallowfullscreen oallowfullscreen msallowfullscreen></iframe>|https://hctn.nv7s.com/contents/videos_sources/10659000/10659513/screenshots/1.jpg|https://hcpv2.nv7s.com/c4/videos/10659000/10659513/10659513_tr.mp4
10659511|DDH-258cute cumshot climax||2026-06-04 05:45:08||https://videohclips.com/videos/10659511/ddh-258cute-cumshot-climax/?source=683363820|Amateur,Asian,Japanese||1089|<iframe width="640" height="360" src="https://videohclips.com/embed/10659511/?source=683363820" frameborder="0" allowfullscreen webkitallowfullscreen mozallowfullscreen oallowfullscreen msallowfullscreen></iframe>|https://hctn.nv7s.com/contents/videos_sources/10659000/10659511/screenshots/1.jpg|https://hcpv2.nv7s.com/c4/videos/10659000/10659511/10659511_tr.mp4
10659509|DDH-253cute cumshot climax||2026-06-04 05:44:09||https://videohclips.com/videos/10659509/ddh-253cute-cumshot-climax/?source=683363820|Amateur,Asian,Japanese||1096|<iframe width="640" height="360" src="https://videohclips.com/embed/10659509/?source=683363820" frameborder="0" allowfullscreen webkitallowfullscreen mozallowfullscreen oallowfullscreen msallowfullscreen></iframe>|https://hctn.nv7s.com/contents/videos_sources/10659000/10659509/screenshots/1.jpg|https://hcpv2.nv7s.com/c4/videos/10659000/10659509/10659509_tr.mp4
10659507|DDH-252cute cumshot climax||2026-06-04 05:43:07||https://videohclips.com/videos/10659507/ddh-252cute-cumshot-climax/?source=683363820|Amateur,Asian,Japanese||1096|<iframe width="640" height="360" src="https://videohclips.com/embed/10659507/?source=683363820" frameborder="0" allowfullscreen webkitallowfullscreen mozallowfullscreen oallowfullscreen msallowfullscreen></iframe>|https://hctn.nv7s.com/contents/videos_sources/10659000/10659507/screenshots/1.jpg|https://hcpv2.nv7s.com/c4/videos/10659000/10659507/10659507_tr.mp4
10659505|DDH-251cute cumshot climax||2026-06-04 05:42:08||https://videohclips.com/videos/10659505/ddh-251cute-cumshot-climax/?source=683363820|Amateur,Asian,Japanese||1096|<iframe width="640" height="360" src="https://videohclips.com/embed/10659505/?source=683363820" frameborder="0" allowfullscreen webkitallowfullscreen mozallowfullscreen oallowfullscreen msallowfullscreen></iframe>|https://hctn.nv7s.com/contents/videos_sources/10659000/10659505/screenshots/1.jpg|https://hcpv2.nv7s.com/c4/videos/10659000/10659505/10659505_tr.mp4
10659503|CHN-211cute cumshot climax||2026-06-04 05:41:03||https://videohclips.com/videos/10659503/chn-211cute-cumshot-climax/?source=683363820|Amateur,Asian,Japanese||1085|<iframe width="640" height="360" src="https://videohclips.com/embed/10659503/?source=683363820" frameborder="0" allowfullscreen webkitallowfullscreen mozallowfullscreen oallowfullscreen msallowfullscreen></iframe>|https://hctn.nv7s.com/contents/videos_sources/10659000/10659503/screenshots/1.jpg|https://hcpv2.nv7s.com/c4/videos/10659000/10659503/10659503_tr.mp4
10659501|CHN-210cute cumshot climax||2026-06-04 05:39:57||https://videohclips.com/videos/10659501/chn-210cute-cumshot-climax/?source=683363820|Amateur,Asian,Japanese||1085|<iframe width="640" height="360" src="https://videohclips.com/embed/10659501/?source=683363820" frameborder="0" allowfullscreen webkitallowfullscreen mozallowfullscreen oallowfullscreen msallowfullscreen></iframe>|https://hctn.nv7s.com/contents/videos_sources/10659000/10659501/screenshots/1.jpg|https://hcpv2.nv7s.com/c4/videos/10659000/10659501/10659501_tr.mp4
10659499|CHN-208cute cumshot climax||2026-06-04 05:38:44||https://videohclips.com/videos/10659499/chn-208cute-cumshot-climax/?source=683363820|Amateur,Asian,Japanese||1085|<iframe width="640" height="360" src="https://videohclips.com/embed/10659499/?source=683363820" frameborder="0" allowfullscreen webkitallowfullscreen mozallowfullscreen oallowfullscreen msallowfullscreen></iframe>|https://hctn.nv7s.com/contents/videos_sources/10659000/10659499/screenshots/1.jpg|https://hcpv2.nv7s.com/c4/videos/10659000/10659499/10659499_tr.mp4
10659497|CHN-205cute cumshot climax||2026-06-04 05:37:44||https://videohclips.com/videos/10659497/chn-205cute-cumshot-climax/?source=683363820|Amateur,Asian,Japanese||1085|<iframe width="640" height="360" src="https://videohclips.com/embed/10659497/?source=683363820" frameborder="0" allowfullscreen webkitallowfullscreen mozallowfullscreen oallowfullscreen msallowfullscreen></iframe>|https://hctn.nv7s.com/contents/videos_sources/10659000/10659497/screenshots/1.jpg|https://hcpv2.nv7s.com/c4/videos/10659000/10659497/10659497_tr.mp4
10659495|CHN-204cute cumshot climax||2026-06-04 05:36:43||https://videohclips.com/videos/10659495/chn-204cute-cumshot-climax/?source=683363820|Amateur,Asian,Japanese||1085|<iframe width="640" height="360" src="https://videohclips.com/embed/10659495/?source=683363820" frameborder="0" allowfullscreen webkitallowfullscreen mozallowfullscreen oallowfullscreen msallowfullscreen></iframe>|https://hctn.nv7s.com/contents/videos_sources/10659000/10659495/screenshots/1.jpg|https://hcpv2.nv7s.com/c4/videos/10659000/10659495/10659495_tr.mp4
10659493|CHN-201cute cumshot climax||2026-06-04 05:35:33||https://videohclips.com/videos/10659493/chn-201cute-cumshot-climax/?source=683363820|Amateur,Asian,Japanese||1085|<iframe width="640" height="360" src="https://videohclips.com/embed/10659493/?source=683363820" frameborder="0" allowfullscreen webkitallowfullscreen mozallowfullscreen oallowfullscreen msallowfullscreen></iframe>|https://hctn.nv7s.com/contents/videos_sources/10659000/10659493/screenshots/1.jpg|https://hcpv2.nv7s.com/c4/videos/10659000/10659493/10659493_tr.mp4
10659489|CHN-170cute cumshot climax||2026-06-04 05:33:20||https://videohclips.com/videos/10659489/chn-170cute-cumshot-climax/?source=683363820|Amateur,Asian,Japanese||1085|<iframe width="640" height="360" src="https://videohclips.com/embed/10659489/?source=683363820" frameborder="0" allowfullscreen webkitallowfullscreen mozallowfullscreen oallowfullscreen msallowfullscreen></iframe>|https://hctn.nv7s.com/contents/videos_sources/10659000/10659489/screenshots/1.jpg|https://hcpv2.nv7s.com/c4/videos/10659000/10659489/10659489_tr.mp4
10659487|CHN-169cute cumshot climax||2026-06-04 05:32:17||https://videohclips.com/videos/10659487/chn-169cute-cumshot-climax/?source=683363820|Amateur,Asian,Japanese||1085|<iframe width="640" height="360" src="https://videohclips.com/embed/10659487/?source=683363820" frameborder="0" allowfullscreen webkitallowfullscreen mozallowfullscreen oallowfullscreen msallowfullscreen></iframe>|https://hctn.nv7s.com/contents/videos_sources/10659000/10659487/screenshots/1.jpg|https://hcpv2.nv7s.com/c4/videos/10659000/10659487/10659487_tr.mp4
10659485|CHN-168cute cumshot climax||2026-06-04 05:30:47||https://videohclips.com/videos/10659485/chn-168cute-cumshot-climax/?source=683363820|Amateur,Asian,Japanese||1085|<iframe width="640" height="360" src="https://videohclips.com/embed/10659485/?source=683363820" frameborder="0" allowfullscreen webkitallowfullscreen mozallowfullscreen oallowfullscreen msallowfullscreen></iframe>|https://hctn.nv7s.com/contents/videos_sources/10659000/10659485/screenshots/1.jpg|https://hcpv2.nv7s.com/c4/videos/10659000/10659485/10659485_tr.mp4
10659483|CHN-166cute cumshot climax||2026-06-04 05:29:43||https://videohclips.com/videos/10659483/chn-166cute-cumshot-climax/?source=683363820|Amateur,Asian,Japanese||1085|<iframe width="640" height="360" src="https://videohclips.com/embed/10659483/?source=683363820" frameborder="0" allowfullscreen webkitallowfullscreen mozallowfullscreen oallowfullscreen msallowfullscreen></iframe>|https://hctn.nv7s.com/contents/videos_sources/10659000/10659483/screenshots/1.jpg|https://hcpv2.nv7s.com/c4/videos/10659000/10659483/10659483_tr.mp4
10659481|BGN-068cute cumshot climax||2026-06-04 05:28:35||https://videohclips.com/videos/10659481/bgn-068cute-cumshot-climax/?source=683363820|Amateur,Asian,Japanese||1085|<iframe width="640" height="360" src="https://videohclips.com/embed/10659481/?source=683363820" frameborder="0" allowfullscreen webkitallowfullscreen mozallowfullscreen oallowfullscreen msallowfullscreen></iframe>|https://hctn.nv7s.com/contents/videos_sources/10659000/10659481/screenshots/1.jpg|https://hcpv2.nv7s.com/c4/videos/10659000/10659481/10659481_tr.mp4
10659479|BGN-067cute cumshot climax||2026-06-04 05:27:25||https://videohclips.com/videos/10659479/bgn-067cute-cumshot-climax/?source=683363820|Amateur,Asian,Japanese||1085|<iframe width="640" height="360" src="https://videohclips.com/embed/10659479/?source=683363820" frameborder="0" allowfullscreen webkitallowfullscreen mozallowfullscreen oallowfullscreen msallowfullscreen></iframe>|https://hctn.nv7s.com/contents/videos_sources/10659000/10659479/screenshots/1.jpg|https://hcpv2.nv7s.com/c4/videos/10659000/10659479/10659479_tr.mp4
10659477|BGN-066cute cumshot climax||2026-06-04 05:26:13||https://videohclips.com/videos/10659477/bgn-066cute-cumshot-climax/?source=683363820|Amateur,Asian,Japanese||1085|<iframe width="640" height="360" src="https://videohclips.com/embed/10659477/?source=683363820" frameborder="0" allowfullscreen webkitallowfullscreen mozallowfullscreen oallowfullscreen msallowfullscreen></iframe>|https://hctn.nv7s.com/contents/videos_sources/10659000/10659477/screenshots/1.jpg|https://hcpv2.nv7s.com/c4/videos/10659000/10659477/10659477_tr.mp4
10659473|BGN-065cute cumshot climax||2026-06-04 05:25:14||https://videohclips.com/videos/10659473/bgn-065cute-cumshot-climax/?source=683363820|Amateur,Asian,Japanese||1085|<iframe width="640" height="360" src="https://videohclips.com/embed/10659473/?source=683363820" frameborder="0" allowfullscreen webkitallowfullscreen mozallowfullscreen oallowfullscreen msallowfullscreen></iframe>|https://hctn.nv7s.com/contents/videos_sources/10659000/10659473/screenshots/1.jpg|https://hcpv2.nv7s.com/c4/videos/10659000/10659473/10659473_tr.mp4
10659471|BGN-053cute cumshot climax||2026-06-04 05:24:19||https://videohclips.com/videos/10659471/bgn-053cute-cumshot-climax/?source=683363820|Amateur,Asian,Japanese||1085|<iframe width="640" height="360" src="https://videohclips.com/embed/10659471/?source=683363820" frameborder="0" allowfullscreen webkitallowfullscreen mozallowfullscreen oallowfullscreen msallowfullscreen></iframe>|https://hctn.nv7s.com/contents/videos_sources/10659000/10659471/screenshots/1.jpg|https://hcpv2.nv7s.com/c4/videos/10659000/10659471/10659471_tr.mp4
10659469|BGN-052cute cumshot climax||2026-06-04 05:23:06||https://videohclips.com/videos/10659469/bgn-052cute-cumshot-climax/?source=683363820|Amateur,Asian,Japanese||1085|<iframe width="640" height="360" src="https://videohclips.com/embed/10659469/?source=683363820" frameborder="0" allowfullscreen webkitallowfullscreen mozallowfullscreen oallowfullscreen msallowfullscreen></iframe>|https://hctn.nv7s.com/contents/videos_sources/10659000/10659469/screenshots/1.jpg|https://hcpv2.nv7s.com/c4/videos/10659000/10659469/10659469_tr.mp4
10659467|AOI-008cute cumshot climax||2026-06-04 05:21:56||https://videohclips.com/videos/10659467/aoi-008cute-cumshot-climax/?source=683363820|Amateur,Asian,Japanese||1085|<iframe width="640" height="360" src="https://videohclips.com/embed/10659467/?source=683363820" frameborder="0" allowfullscreen webkitallowfullscreen mozallowfullscreen oallowfullscreen msallowfullscreen></iframe>|https://hctn.nv7s.com/contents/videos_sources/10659000/10659467/screenshots/1.jpg|https://hcpv2.nv7s.com/c4/videos/10659000/10659467/10659467_tr.mp4
10659465|AKA-066cute cumshot climax||2026-06-04 05:20:54||https://videohclips.com/videos/10659465/aka-066cute-cumshot-climax/?source=683363820|Amateur,Asian,Japanese||1085|<iframe width="640" height="360" src="https://videohclips.com/embed/10659465/?source=683363820" frameborder="0" allowfullscreen webkitallowfullscreen mozallowfullscreen oallowfullscreen msallowfullscreen></iframe>|https://hctn.nv7s.com/contents/videos_sources/10659000/10659465/screenshots/1.jpg|https://hcpv2.nv7s.com/c4/videos/10659000/10659465/10659465_tr.mp4
10659463|AKA-065cute cumshot climax||2026-06-04 05:19:46||https://videohclips.com/videos/10659463/aka-065cute-cumshot-climax/?source=683363820|Amateur,Asian,Japanese||1085|<iframe width="640" height="360" src="https://videohclips.com/embed/10659463/?source=683363820" frameborder="0" allowfullscreen webkitallowfullscreen mozallowfullscreen oallowfullscreen msallowfullscreen></iframe>|https://hctn.nv7s.com/contents/videos_sources/10659000/10659463/screenshots/1.jpg|https://hcpv2.nv7s.com/c4/videos/10659000/10659463/10659463_tr.mp4
10659461|ABW-295cute cumshot climax||2026-06-04 05:18:42||https://videohclips.com/videos/10659461/abw-295cute-cumshot-climax/?source=683363820|Amateur,Asian,Japanese||1085|<iframe width="640" height="360" src="https://videohclips.com/embed/10659461/?source=683363820" frameborder="0" allowfullscreen webkitallowfullscreen mozallowfullscreen oallowfullscreen msallowfullscreen></iframe>|https://hctn.nv7s.com/contents/videos_sources/10659000/10659461/screenshots/1.jpg|https://hcpv2.nv7s.com/c4/videos/10659000/10659461/10659461_tr.mp4
10659459|ABW-294cute cumshot climax||2026-06-04 05:17:46||https://videohclips.com/videos/10659459/abw-294cute-cumshot-climax/?source=683363820|Amateur,Asian,Japanese||1085|<iframe width="640" height="360" src="https://videohclips.com/embed/10659459/?source=683363820" frameborder="0" allowfullscreen webkitallowfullscreen mozallowfullscreen oallowfullscreen msallowfullscreen></iframe>|https://hctn.nv7s.com/contents/videos_sources/10659000/10659459/screenshots/1.jpg|https://hcpv2.nv7s.com/c4/videos/10659000/10659459/10659459_tr.mp4
10659457|ABW-293cute cumshot climax||2026-06-04 05:16:45||https://videohclips.com/videos/10659457/abw-293cute-cumshot-climax/?source=683363820|Amateur,Asian,Japanese||1085|<iframe width="640" height="360" src="https://videohclips.com/embed/10659457/?source=683363820" frameborder="0" allowfullscreen webkitallowfullscreen mozallowfullscreen oallowfullscreen msallowfullscreen></iframe>|https://hctn.nv7s.com/contents/videos_sources/10659000/10659457/screenshots/1.jpg|https://hcpv2.nv7s.com/c4/videos/10659000/10659457/10659457_tr.mp4
10659455|ABW-292cute cumshot climax||2026-06-04 05:15:47||https://videohclips.com/videos/10659455/abw-292cute-cumshot-climax/?source=683363820|Amateur,Asian,Japanese||1085|<iframe width="640" height="360" src="https://videohclips.com/embed/10659455/?source=683363820" frameborder="0" allowfullscreen webkitallowfullscreen mozallowfullscreen oallowfullscreen msallowfullscreen></iframe>|https://hctn.nv7s.com/contents/videos_sources/10659000/10659455/screenshots/1.jpg|https://hcpv2.nv7s.com/c4/videos/10659000/10659455/10659455_tr.mp4
10659453|ABW-291cute cumshot climax||2026-06-04 05:14:44||https://videohclips.com/videos/10659453/abw-291cute-cumshot-climax/?source=683363820|Amateur,Asian,Japanese||1085|<iframe width="640" height="360" src="https://videohclips.com/embed/10659453/?source=683363820" frameborder="0" allowfullscreen webkitallowfullscreen mozallowfullscreen oallowfullscreen msallowfullscreen></iframe>|https://hctn.nv7s.com/contents/videos_sources/10659000/10659453/screenshots/1.jpg|https://hcpv2.nv7s.com/c4/videos/10659000/10659453/10659453_tr.mp4
10659451|ABW-290cute cumshot climax||2026-06-04 05:13:28||https://videohclips.com/videos/10659451/abw-290cute-cumshot-climax/?source=683363820|Amateur,Asian,Japanese||1085|<iframe width="640" height="360" src="https://videohclips.com/embed/10659451/?source=683363820" frameborder="0" allowfullscreen webkitallowfullscreen mozallowfullscreen oallowfullscreen msallowfullscreen></iframe>|https://hctn.nv7s.com/contents/videos_sources/10659000/10659451/screenshots/1.jpg|https://hcpv2.nv7s.com/c4/videos/10659000/10659451/10659451_tr.mp4
10659449|ABW-289cute cumshot climax||2026-06-04 05:12:17||https://videohclips.com/videos/10659449/abw-289cute-cumshot-climax/?source=683363820|Amateur,Asian,Japanese||1085|<iframe width="640" height="360" src="https://videohclips.com/embed/10659449/?source=683363820" frameborder="0" allowfullscreen webkitallowfullscreen mozallowfullscreen oallowfullscreen msallowfullscreen></iframe>|https://hctn.nv7s.com/contents/videos_sources/10659000/10659449/screenshots/1.jpg|https://hcpv2.nv7s.com/c4/videos/10659000/10659449/10659449_tr.mp4
10659447|ABW-288cute cumshot climax||2026-06-04 05:11:04||https://videohclips.com/videos/10659447/abw-288cute-cumshot-climax/?source=683363820|Amateur,Asian,Japanese||1085|<iframe width="640" height="360" src="https://videohclips.com/embed/10659447/?source=683363820" frameborder="0" allowfullscreen webkitallowfullscreen mozallowfullscreen oallowfullscreen msallowfullscreen></iframe>|https://hctn.nv7s.com/contents/videos_sources/10659000/10659447/screenshots/1.jpg|https://hcpv2.nv7s.com/c4/videos/10659000/10659447/10659447_tr.mp4
10659445|ABW-287cute cumshot climax||2026-06-04 05:10:00||https://videohclips.com/videos/10659445/abw-287cute-cumshot-climax/?source=683363820|Amateur,Asian,Japanese||1085|<iframe width="640" height="360" src="https://videohclips.com/embed/10659445/?source=683363820" frameborder="0" allowfullscreen webkitallowfullscreen mozallowfullscreen oallowfullscreen msallowfullscreen></iframe>|https://hctn.nv7s.com/contents/videos_sources/10659000/10659445/screenshots/1.jpg|https://hcpv2.nv7s.com/c4/videos/10659000/10659445/10659445_tr.mp4
10659443|ABW-286cute cumshot climax||2026-06-04 05:08:53||https://videohclips.com/videos/10659443/abw-286cute-cumshot-climax/?source=683363820|Amateur,Asian,Japanese||1085|<iframe width="640" height="360" src="https://videohclips.com/embed/10659443/?source=683363820" frameborder="0" allowfullscreen webkitallowfullscreen mozallowfullscreen oallowfullscreen msallowfullscreen></iframe>|https://hctn.nv7s.com/contents/videos_sources/10659000/10659443/screenshots/1.jpg|https://hcpv2.nv7s.com/c4/videos/10659000/10659443/10659443_tr.mp4
10659441|ABW-285cute cumshot climax||2026-06-04 05:07:46||https://videohclips.com/videos/10659441/abw-285cute-cumshot-climax/?source=683363820|Amateur,Asian,Japanese||1085|<iframe width="640" height="360" src="https://videohclips.com/embed/10659441/?source=683363820" frameborder="0" allowfullscreen webkitallowfullscreen mozallowfullscreen oallowfullscreen msallowfullscreen></iframe>|https://hctn.nv7s.com/contents/videos_sources/10659000/10659441/screenshots/1.jpg|https://hcpv2.nv7s.com/c4/videos/10659000/10659441/10659441_tr.mp4
